<?xml version="1.0" encoding="UTF-8"?>

<suite name="ParaBankTestSuite">
	<test thread-count="5" name="RegisterTC" preserve-order="true" parallel="false">
		<classes>
			<class name="Test.RegisterTest" />
		</classes>
	</test> <!--
	Test -->

	<test thread-count="5" name="LoginTC" preserve-order="true" parallel="false">
		<classes>
			<class name="Test.LoginTest" />
		</classes>
	</test> <!--
	Test -->

	<test thread-count="5" name="LogoutTC" preserve-order="true" parallel="false">
		<classes>
			<class name="Test.LogOutTest" />
		</classes>
	</test> <!--
	Test -->

	<test thread-count="5" name="LoanRequestTC" preserve-order="true" parallel="false">
		<classes>
			<class name="Test.LoanRequestTest" />
		</classes>
	</test> <!--
	Test -->

	<test thread-count="5" name="TransferFundTC" preserve-order="true" parallel="false">
		<classes>
			<class name="Test.TransferFundTest" />
		</classes>
	</test> <!--
	Test -->
</suite> <!--
Suite -->
